{
  "train_loss": [
    1.9238749757664078,
    1.8082906867462576,
    1.7027488944111824,
    1.6089174214303013,
    1.5738167914213963,
    1.5169629533897004,
    1.4969735659683887,
    1.4592399826326767,
    1.4494329852200813,
    1.4221244353611073,
    1.4076380887672888,
    1.3785101024888704,
    1.3705119805814143,
    1.347293412726399,
    1.3302049303509493,
    1.2980270543428356,
    1.3074212370135991,
    1.2838767960608568,
    1.268437796363211,
    1.258614474378496,
    1.2584064132622166,
    1.2270709754448303,
    1.2258746157837728,
    1.224160348839103,
    1.2040195624486911,
    1.1920097698066836,
    1.175917330235418,
    1.1789863464097026,
    1.1630869061539832,
    1.1461166294252119,
    1.1287624583348341,
    1.1337729558908576,
    1.1192547465437885,
    1.1332025728617277,
    1.114022386771145,
    1.1101831096317063,
    1.0967795644238512,
    1.0878884073163728,
    1.0853366438749852,
    1.0792621467558525,
    1.0750110052192186,
    1.0799373529522815,
    1.079034890704272,
    1.068933402816695,
    1.0727870765215903,
    1.0676275027843087,
    1.0617052134636225,
    1.0627150980717326,
    1.0687309521721906,
    1.0526168134296892
  ],
  "train_acc": [
    0.1873993120564288,
    0.2672965559280707,
    0.32868898854878736,
    0.3843775852309836,
    0.4002699525406017,
    0.41555274959724825,
    0.4281795619802325,
    0.4437671441633648,
    0.44616188444289634,
    0.46092219271128143,
    0.46205425175251447,
    0.47668393782383417,
    0.48543562502721294,
    0.48704663212435234,
    0.4975834893542909,
    0.5009796664779902,
    0.5006313406191493,
    0.5091217834283973,
    0.5129533678756477,
    0.5121260939609005,
    0.5177863891670658,
    0.5315888013236383,
    0.5296294683676579,
    0.53407062306788,
    0.5400357034005312,
    0.5437366656507162,
    0.5452170505507903,
    0.5446074802978186,
    0.5505725606304698,
    0.5551007967954021,
    0.5597161144250447,
    0.5625462620281273,
    0.5645926764488178,
    0.5569730482866722,
    0.565724735490051,
    0.562763965689903,
    0.5693386162755257,
    0.5732137414551313,
    0.5714721121609265,
    0.5748247485522706,
    0.5729960377933557,
    0.5762615927199896,
    0.5776984368877085,
    0.5769582444376714,
    0.5795271476466234,
    0.5803108808290155,
    0.578264466408325,
    0.5793094439848478,
    0.584186006008621,
    0.5807027474202117
  ],
  "val_loss": [
    1.8094851709915263,
    1.7131903491672926,
    1.5690678743400959,
    1.479723068281816,
    1.4915748288182173,
    1.3659430689531018,
    1.372198832529175,
    1.3447626330054459,
    1.3004358757335273,
    1.2937674509528123,
    1.2627828004924067,
    1.2591194085898776,
    1.262386676452169,
    1.2274820161837396,
    1.2168507279107397,
    1.202586255144965,
    1.1812672945980576,
    1.1650665755555922,
    1.1511579113777237,
    1.155181004294366,
    1.1495550137203938,
    1.1585367376984557,
    1.1737330005543443,
    1.1380854065681492,
    1.1126426597041812,
    1.1040294148373047,
    1.1167593179202504,
    1.1025476575479072,
    1.0877866874128135,
    1.1060027276045434,
    1.1055611521057533,
    1.1060190990551637,
    1.105760693820002,
    1.0861788824517233,
    1.091307423269238,
    1.0866381670489456,
    1.082150611861663,
    1.0757136967530112,
    1.0716425466313257,
    1.0781086939463256,
    1.071804547010918,
    1.0744998502590148,
    1.0702253214285706,
    1.0728730943841578,
    1.0726701373092309,
    1.069322552260768,
    1.0665771761699572,
    1.0669286023943485,
    1.0678641251345122,
    1.069863680969419
  ],
  "val_acc": [
    0.21368861024033436,
    0.26332288401253917,
    0.3831417624521073,
    0.413967258794845,
    0.4172762103796587,
    0.4815395332636712,
    0.4627307558342041,
    0.4907697666318356,
    0.5109717868338558,
    0.494949494949495,
    0.5095785440613027,
    0.51619644723093,
    0.5073145245559039,
    0.521246952281435,
    0.5303030303030303,
    0.5501567398119123,
    0.547370254266806,
    0.5550330895158482,
    0.5585161964472309,
    0.5771508185301288,
    0.5513758272378962,
    0.5599094392197841,
    0.5451062347614072,
    0.5733194009056078,
    0.5771508185301288,
    0.5792406826889586,
    0.5879484500174156,
    0.5822013235806339,
    0.5954371299198885,
    0.5849878091257401,
    0.602229188436085,
    0.5968303726924417,
    0.5982236154649948,
    0.6037965865552073,
    0.5983977708115639,
    0.5994427028909788,
    0.6036224312086381,
    0.6048415186346221,
    0.6027516544757924,
    0.6039707419017764,
    0.6091954022988506,
    0.6098920236851272,
    0.6130268199233716,
    0.6088470916057123,
    0.610936955764542,
    0.6083246255660049,
    0.6126785092302334,
    0.6104144897248346,
    0.6130268199233716,
    0.6111111111111112
  ],
  "lr": [
    0.001,
    0.0009990133642141358,
    0.000996057350657239,
    0.0009911436253643444,
    0.0009842915805643156,
    0.0009755282581475769,
    0.0009648882429441258,
    0.0009524135262330099,
    0.0009381533400219318,
    0.0009221639627510075,
    0.0009045084971874736,
    0.0008852566213878945,
    0.0008644843137107056,
    0.0008422735529643443,
    0.0008187119948743448,
    0.0007938926261462366,
    0.0007679133974894982,
    0.0007408768370508576,
    0.0007128896457825362,
    0.0006840622763423389,
    0.0006545084971874735,
    0.0006243449435824271,
    0.0005936906572928622,
    0.000562666616782152,
    0.0005313952597646566,
    0.0004999999999999998,
    0.00046860474023534314,
    0.00043733338321784774,
    0.00040630934270713756,
    0.00037565505641757246,
    0.00034549150281252633,
    0.00031593772365766105,
    0.00028711035421746355,
    0.0002591231629491422,
    0.00023208660251050145,
    0.00020610737385376337,
    0.00018128800512565502,
    0.00015772644703565555,
    0.00013551568628929425,
    0.00011474337861210535,
    9.549150281252626e-05,
    7.783603724899252e-05,
    6.184665997806817e-05,
    4.7586473766990294e-05,
    3.5111757055874305e-05,
    2.4471741852423218e-05,
    1.5708419435684507e-05,
    8.856374635655634e-06,
    3.942649342761115e-06,
    9.866357858642198e-07
  ]
}